Hagenbeck,Wallace Bros. ,Adam Forepaugh,Sells Bros.
Hagenbeck,Wallace Bros. ,Adam Forepaugh,Sells Bros.
Hagenbeck,Wallace Bros. ,Adam Forepaugh,Sells Bros.
Hagenbeck,Wallace Bros. ,Adam Forepaugh,Sells Bros.
Hagenbeck,Wallace Bros. ,Adam Forepaugh,Sells Bros.
Hagenbeck,Wallace Bros. ,Adam Forepaugh,Sells Bros.
Hagenbeck,Wallace Bros. ,Adam Forepaugh,Sells Bros.
Hagenbeck,Wallace Bros. ,Adam Forepaugh,Sells Bros.
Hagenbeck,Wallace Bros. ,Adam Forepaugh,Sells Bros.
Hagenbeck,Wallace Bros. ,Adam Forepaugh,Sells Bros.
Hagenbeck,Wallace Bros. ,Adam Forepaugh,Sells Bros.
Hagenbeck,Wallace Bros. ,Adam Forepaugh,Sells Bros.
Hagenbeck,Wallace Bros. ,Adam Forepaugh,Sells Bros.
Hagenbeck,Wallace Bros. ,Adam Forepaugh,Sells Bros.
Hagenbeck,Wallace Bros. ,Adam Forepaugh,Sells Bros.
Hagenbeck,Wallace Bros. ,Adam Forepaugh,Sells Bros.
Hagenbeck,Wallace Bros. ,Adam Forepaugh,Sells Bros.
Hagenbeck,Wallace Bros. ,Adam Forepaugh,Sells Bros.
Adam Forepaugh,Sells Bros.,Bailey Bros.,Ringling Bros.
Al G. Barnes,Sells Bros.,Floto,John Robinson
Al G. Barnes,Sells Bros.,Floto,John Robinson
Al G. Barnes,Sells Bros.,Floto,John Robinson
Al G. Barnes,Sells Bros.,Floto,John Robinson
Gardner,Hemmings,Van Amburgh,
P. Ryan,W. O'Dale Stevens,James Robinson,
P. Ryan,W. O'Dale Stevens,James Robinson,
P. Ryan,W. O'Dale Stevens,James Robinson,
Barnum,Bailey Bros.,Hutchinson,
Shelby Bros.,Pullman,Hamilton,
Shelby Bros.,Pullman,Hamilton,
Shelby Bros.,Pullman,Hamilton,
Shelby Bros.,Pullman,Hamilton,
Shelby Bros.,Pullman,Hamilton,
Shelby Bros.,Pullman,Hamilton,
Al G. Barnes,Sells Bros.,Floto,
Al G. Barnes,Sells Bros.,Floto,
Al G. Barnes,Sells Bros.,Floto,
Al G. Barnes,Sells Bros.,Floto,
Al G. Barnes,Sells Bros.,Floto,
Al G. Barnes,Sells Bros.,Floto,
Al G. Barnes,Sells Bros.,Floto,
Al G. Barnes,Sells Bros.,Floto,
Al G. Barnes,Sells Bros.,Floto,
Al G. Barnes,Sells Bros.,Floto,
Al G. Barnes,Sells Bros.,Floto,
Al G. Barnes,Sells Bros.,Floto,
Al G. Barnes,Sells Bros.,Floto,
Al G. Barnes,Sells Bros.,Floto,
Al G. Barnes,Sells Bros.,Floto,
Al G. Barnes,Sells Bros.,Floto,
Al G. Barnes,Sells Bros.,Floto,
Al G. Barnes,Sells Bros.,Floto,
Al G. Barnes,Sells Bros.,Floto,
Al G. Barnes,Sells Bros.,Floto,
Al G. Barnes,Sells Bros.,Floto,
Al G. Barnes,Sells Bros.,Floto,
Al G. Barnes,Sells Bros.,Floto,
Melville,Maginley,Cooke,
Melville,Maginley,Cooke,
Melville,Maginley,Cooke,
Sells Bros.,Floto,Buffalo Bill,
Sells Bros.,Floto,Buffalo Bill,
Sells Bros.,Floto,Buffalo Bill,
Ringling Bros.,Barnum,Bailey Bros.,
Ringling Bros.,Barnum,Bailey Bros.,
Ringling Bros.,Barnum,Bailey Bros.,
Ringling Bros.,Barnum,Bailey Bros.,
Ringling Bros.,Barnum,Bailey Bros.,
Ringling Bros.,Barnum,Bailey Bros.,
Ringling Bros.,Barnum,Bailey Bros.,
Ringling Bros.,Barnum,Bailey Bros.,
Ringling Bros.,Barnum,Bailey Bros.,
Ringling Bros.,Barnum,Bailey Bros.,
Ringling Bros.,Barnum,Bailey Bros.,
Ringling Bros.,Barnum,Bailey Bros.,
Ringling Bros.,Barnum,Bailey Bros.,
Ringling Bros.,Barnum,Bailey Bros.,
Ringling Bros.,Barnum,Bailey Bros.,
Ringling Bros.,Barnum,Bailey Bros.,
Ringling Bros.,Barnum,Bailey Bros.,
Ringling Bros.,Barnum,Bailey Bros.,
Ringling Bros.,Barnum,Bailey Bros.,
Ringling Bros.,Barnum,Bailey Bros.,
Ringling Bros.,Barnum,Bailey Bros.,
Ringling Bros.,Barnum,Bailey Bros.,
Ringling Bros.,Barnum,Bailey Bros.,
Ringling Bros.,Barnum,Bailey Bros.,
Ringling Bros.,Barnum,Bailey Bros.,
Ringling Bros.,Barnum,Bailey Bros.,
Ringling Bros.,Barnum,Bailey Bros.,
Ringling Bros.,Barnum,Bailey Bros.,
Ringling Bros.,Barnum,Bailey Bros.,
Ringling Bros.,Barnum,Bailey Bros.,
Ringling Bros.,Barnum,Bailey Bros.,
Ringling Bros.,Barnum,Bailey Bros.,
Ringling Bros.,Barnum,Bailey Bros.,
Ringling Bros.,Barnum,Bailey Bros.,
Ringling Bros.,Barnum,Bailey Bros.,
Ringling Bros.,Barnum,Bailey Bros.,
Ringling Bros.,Barnum,Bailey Bros.,
Ringling Bros.,Barnum,Bailey Bros.,
Ringling Bros.,Barnum,Bailey Bros.,
Ringling Bros.,Barnum,Bailey Bros.,
Ringling Bros.,Barnum,Bailey Bros.,
Ringling Bros.,Barnum,Bailey Bros.,
Ringling Bros.,Barnum,Bailey Bros.,
Ringling Bros.,Barnum,Bailey Bros.,
Ringling Bros.,Barnum,Bailey Bros.,
Ringling Bros.,Barnum,Bailey Bros.,
Ringling Bros.,Barnum,Bailey Bros.,
Ringling Bros.,Barnum,Bailey Bros.,
Ringling Bros.,Barnum,Bailey Bros.,
Ringling Bros.,Barnum,Bailey Bros.,
Ringling Bros.,Barnum,Bailey Bros.,
Ringling Bros.,Barnum,Bailey Bros.,
Ringling Bros.,Barnum,Bailey Bros.,
Ringling Bros.,Barnum,Bailey Bros.,
Ringling Bros.,Barnum,Bailey Bros.,
Ringling Bros.,Barnum,Bailey Bros.,
Ringling Bros.,Barnum,Bailey Bros.,
Ringling Bros.,Barnum,Bailey Bros.,
Ringling Bros.,Barnum,Bailey Bros.,
Ringling Bros.,Barnum,Bailey Bros.,
Ringling Bros.,Barnum,Bailey Bros.,
Ringling Bros.,Barnum,Bailey Bros.,
Ringling Bros.,Barnum,Bailey Bros.,
Ringling Bros.,Barnum,Bailey Bros.,
Ringling Bros.,Barnum,Bailey Bros.,
Ringling Bros.,Barnum,Bailey Bros.,
Ringling Bros.,Barnum,Bailey Bros.,
Ringling Bros.,Barnum,Bailey Bros.,
Ringling Bros.,Barnum,Bailey Bros.,
Ringling Bros.,Barnum,Bailey Bros.,
Ringling Bros.,Barnum,Bailey Bros.,
Ringling Bros.,Barnum,Bailey Bros.,
Ringling Bros.,Barnum,Bailey Bros.,
Ringling Bros.,Barnum,Bailey Bros.,
Ringling Bros.,Barnum,Bailey Bros.,
Ringling Bros.,Barnum,Bailey Bros.,
Ringling Bros.,Barnum,Bailey Bros.,
Ringling Bros.,Barnum,Bailey Bros.,
Ringling Bros.,Barnum,Bailey Bros.,
Ringling Bros.,Barnum,Bailey Bros.,
Ringling Bros.,Barnum,Bailey Bros.,
Ringling Bros.,Barnum,Bailey Bros.,
Ringling Bros.,Barnum,Bailey Bros.,
Ringling Bros.,Barnum,Bailey Bros.,
Ringling Bros.,Barnum,Bailey Bros.,
Ringling Bros.,Barnum,Bailey Bros.,
Ringling Bros.,Barnum,Bailey Bros.,
Ringling Bros.,Barnum,Bailey Bros.,
Ringling Bros.,Barnum,Bailey Bros.,
Ringling Bros.,Barnum,Bailey Bros.,
Ringling Bros.,Barnum,Bailey Bros.,
Ringling Bros.,Barnum,Bailey Bros.,
Ringling Bros.,Barnum,Bailey Bros.,
Ringling Bros.,Barnum,Bailey Bros.,
Ringling Bros.,Barnum,Bailey Bros.,
Ringling Bros.,Barnum,Bailey Bros.,
Ringling Bros.,Barnum,Bailey Bros.,
Ringling Bros.,Barnum,Bailey Bros.,
Ringling Bros.,Barnum,Bailey Bros.,
Ringling Bros.,Barnum,Bailey Bros.,
Ringling Bros.,Barnum,Bailey Bros.,
Ringling Bros.,Barnum,Bailey Bros.,
Ringling Bros.,Barnum,Bailey Bros.,
Ringling Bros.,Barnum,Bailey Bros.,
Ringling Bros.,Barnum,Bailey Bros.,
Ringling Bros.,Barnum,Bailey Bros.,
Ringling Bros.,Barnum,Bailey Bros.,
Ringling Bros.,Barnum,Bailey Bros.,
Ringling Bros.,Barnum,Bailey Bros.,
Ringling Bros.,Barnum,Bailey Bros.,
Ringling Bros.,Barnum,Bailey Bros.,
Ringling Bros.,Barnum,Bailey Bros.,
Ringling Bros.,Barnum,Bailey Bros.,
Ringling Bros.,Barnum,Bailey Bros.,
Ringling Bros.,Barnum,Bailey Bros.,
Ringling Bros.,Barnum,Bailey Bros.,
Ringling Bros.,Barnum,Bailey Bros.,
Ringling Bros.,Barnum,Bailey Bros.,
Ringling Bros.,Barnum,Bailey Bros.,
Ringling Bros.,Barnum,Bailey Bros.,
Ringling Bros.,Barnum,Bailey Bros.,
Ringling Bros.,Barnum,Bailey Bros.,
Ringling Bros.,Barnum,Bailey Bros.,
Ringling Bros.,Barnum,Bailey Bros.,
Ringling Bros.,Barnum,Bailey Bros.,
Ringling Bros.,Barnum,Bailey Bros.,
Ringling Bros.,Barnum,Bailey Bros.,
Ringling Bros.,Barnum,Bailey Bros.,
Ringling Bros.,Barnum,Bailey Bros.,
Ringling Bros.,Barnum,Bailey Bros.,
Ringling Bros.,Barnum,Bailey Bros.,
Ringling Bros.,Barnum,Bailey Bros.,
Ringling Bros.,Barnum,Bailey Bros.,
Ringling Bros.,Barnum,Bailey Bros.,
Ringling Bros.,Barnum,Bailey Bros.,
Ringling Bros.,Barnum,Bailey Bros.,
Ringling Bros.,Barnum,Bailey Bros.,
Ringling Bros.,Barnum,Bailey Bros.,
Ringling Bros.,Barnum,Bailey Bros.,
Ringling Bros.,Barnum,Bailey Bros.,
Ringling Bros.,Barnum,Bailey Bros.,
Ringling Bros.,Barnum,Bailey Bros.,
Ringling Bros.,Barnum,Bailey Bros.,
Ringling Bros.,Barnum,Bailey Bros.,
Ringling Bros.,Barnum,Bailey Bros.,
Ringling Bros.,Barnum,Bailey Bros.,
Ringling Bros.,Barnum,Bailey Bros.,
Ringling Bros.,Barnum,Bailey Bros.,
Ringling Bros.,Barnum,Bailey Bros.,
Ringling Bros.,Barnum,Bailey Bros.,
Ringling Bros.,Barnum,Bailey Bros.,
Ringling Bros.,Barnum,Bailey Bros.,
Ringling Bros.,Barnum,Bailey Bros.,
Ringling Bros.,Barnum,Bailey Bros.,
Ringling Bros.,Barnum,Bailey Bros.,
Ringling Bros.,Barnum,Bailey Bros.,
Ringling Bros.,Barnum,Bailey Bros.,
Ringling Bros.,Barnum,Bailey Bros.,
Ringling Bros.,Barnum,Bailey Bros.,
Ringling Bros.,Barnum,Bailey Bros.,
Ringling Bros.,Barnum,Bailey Bros.,
Ringling Bros.,Barnum,Bailey Bros.,
Ringling Bros.,Barnum,Bailey Bros.,
Ringling Bros.,Barnum,Bailey Bros.,
Ringling Bros.,Barnum,Bailey Bros.,
Ringling Bros.,Barnum,Bailey Bros.,
Ringling Bros.,Barnum,Bailey Bros.,
Ringling Bros.,Barnum,Bailey Bros.,
Ringling Bros.,Barnum,Bailey Bros.,
Ringling Bros.,Barnum,Bailey Bros.,
Ringling Bros.,Barnum,Bailey Bros.,
Ringling Bros.,Barnum,Bailey Bros.,
Ringling Bros.,Barnum,Bailey Bros.,
Ringling Bros.,Barnum,Bailey Bros.,
Ringling Bros.,Barnum,Bailey Bros.,
Ringling Bros.,Barnum,Bailey Bros.,
Ringling Bros.,Barnum,Bailey Bros.,
Ringling Bros.,Barnum,Bailey Bros.,
Ringling Bros.,Barnum,Bailey Bros.,
Ringling Bros.,Barnum,Bailey Bros.,
Ringling Bros.,Barnum,Bailey Bros.,
Ringling Bros.,Barnum,Bailey Bros.,
Ringling Bros.,Barnum,Bailey Bros.,
Ringling Bros.,Barnum,Bailey Bros.,
Ringling Bros.,Barnum,Bailey Bros.,
Ringling Bros.,Barnum,Bailey Bros.,
Ringling Bros.,Barnum,Bailey Bros.,
Ringling Bros.,Barnum,Bailey Bros.,
Ringling Bros.,Barnum,Bailey Bros.,
Ringling Bros.,Barnum,Bailey Bros.,
Ringling Bros.,Barnum,Bailey Bros.,
Ringling Bros.,Barnum,Bailey Bros.,
Ringling Bros.,Barnum,Bailey Bros.,
Ringling Bros.,Barnum,Bailey Bros.,
Ringling Bros.,Barnum,Bailey Bros.,
Ringling Bros.,Barnum,Bailey Bros.,
Ringling Bros.,Barnum,Bailey Bros.,
Ringling Bros.,Barnum,Bailey Bros.,
Ringling Bros.,Barnum,Bailey Bros.,
Ringling Bros.,Barnum,Bailey Bros.,
Ringling Bros.,Barnum,Bailey Bros.,
Ringling Bros.,Barnum,Bailey Bros.,
Ringling Bros.,Barnum,Bailey Bros.,
Ringling Bros.,Barnum,Bailey Bros.,
Ringling Bros.,Barnum,Bailey Bros.,
Ringling Bros.,Barnum,Bailey Bros.,
Ringling Bros.,Barnum,Bailey Bros.,
Ringling Bros.,Barnum,Bailey Bros.,
Ringling Bros.,Barnum,Bailey Bros.,
Ringling Bros.,Barnum,Bailey Bros.,
Ringling Bros.,Barnum,Bailey Bros.,
Ringling Bros.,Barnum,Bailey Bros.,
Ringling Bros.,Barnum,Bailey Bros.,
Ringling Bros.,Barnum,Bailey Bros.,
Ringling Bros.,Barnum,Bailey Bros.,
Ringling Bros.,Barnum,Bailey Bros.,
Ringling Bros.,Barnum,Bailey Bros.,
Ringling Bros.,Barnum,Bailey Bros.,
Ringling Bros.,Barnum,Bailey Bros.,
Ringling Bros.,Barnum,Bailey Bros.,
Ringling Bros.,Barnum,Bailey Bros.,
Ringling Bros.,Barnum,Bailey Bros.,
Ringling Bros.,Barnum,Bailey Bros.,
Ringling Bros.,Barnum,Bailey Bros.,
Ringling Bros.,Barnum,Bailey Bros.,
Ringling Bros.,Barnum,Bailey Bros.,
Ringling Bros.,Barnum,Bailey Bros.,
Ringling Bros.,Barnum,Bailey Bros.,
Ringling Bros.,Barnum,Bailey Bros.,
Ringling Bros.,Barnum,Bailey Bros.,
Ringling Bros.,Barnum,Bailey Bros.,
Ringling Bros.,Barnum,Bailey Bros.,
Ringling Bros.,Barnum,Bailey Bros.,
Ringling Bros.,Barnum,Bailey Bros.,
Ringling Bros.,Barnum,Bailey Bros.,
Ringling Bros.,Barnum,Bailey Bros.,
Ringling Bros.,Barnum,Bailey Bros.,
Ringling Bros.,Barnum,Bailey Bros.,
Ringling Bros.,Barnum,Bailey Bros.,
Ringling Bros.,Barnum,Bailey Bros.,
Ringling Bros.,Barnum,Bailey Bros.,
Ringling Bros.,Barnum,Bailey Bros.,
Ringling Bros.,Barnum,Bailey Bros.,
Ringling Bros.,Barnum,Bailey Bros.,
Ringling Bros.,Barnum,Bailey Bros.,
Ringling Bros.,Barnum,Bailey Bros.,
Ringling Bros.,Barnum,Bailey Bros.,
Ringling Bros.,Barnum,Bailey Bros.,
Ringling Bros.,Barnum,Bailey Bros.,
Ringling Bros.,Barnum,Bailey Bros.,
Ringling Bros.,Barnum,Bailey Bros.,
Ringling Bros.,Barnum,Bailey Bros.,
Ringling Bros.,Barnum,Bailey Bros.,
Ringling Bros.,Barnum,Bailey Bros.,
Ringling Bros.,Barnum,Bailey Bros.,
Ringling Bros.,Barnum,Bailey Bros.,
Ringling Bros.,Barnum,Bailey Bros.,
Ringling Bros.,Barnum,Bailey Bros.,
Ringling Bros.,Barnum,Bailey Bros.,
Ringling Bros.,Barnum,Bailey Bros.,
Ringling Bros.,Barnum,Bailey Bros.,
Ringling Bros.,Barnum,Bailey Bros.,
Ringling Bros.,Barnum,Bailey Bros.,
Ringling Bros.,Barnum,Bailey Bros.,
Ringling Bros.,Barnum,Bailey Bros.,
Ringling Bros.,Barnum,Bailey Bros.,
Ringling Bros.,Barnum,Bailey Bros.,
Ringling Bros.,Barnum,Bailey Bros.,
Ringling Bros.,Barnum,Bailey Bros.,
Ringling Bros.,Barnum,Bailey Bros.,
Ringling Bros.,Barnum,Bailey Bros.,
Ringling Bros.,Barnum,Bailey Bros.,
Ringling Bros.,Barnum,Bailey Bros.,
Ringling Bros.,Barnum,Bailey Bros.,
Ringling Bros.,Barnum,Bailey Bros.,
Ringling Bros.,Barnum,Bailey Bros.,
Ringling Bros.,Barnum,Bailey Bros.,
Ringling Bros.,Barnum,Bailey Bros.,
Ringling Bros.,Barnum,Bailey Bros.,
Ringling Bros.,Barnum,Bailey Bros.,
Ringling Bros.,Barnum,Bailey Bros.,
Ringling Bros.,Barnum,Bailey Bros.,
Ringling Bros.,Barnum,Bailey Bros.,
Ringling Bros.,Barnum,Bailey Bros.,
Ringling Bros.,Barnum,Bailey Bros.,
Ringling Bros.,Barnum,Bailey Bros.,
Ringling Bros.,Barnum,Bailey Bros.,
Ringling Bros.,Barnum,Bailey Bros.,
Ringling Bros.,Barnum,Bailey Bros.,
Ringling Bros.,Barnum,Bailey Bros.,
Ringling Bros.,Barnum,Bailey Bros.,
Ringling Bros.,Barnum,Bailey Bros.,
Ringling Bros.,Barnum,Bailey Bros.,
Ringling Bros.,Barnum,Bailey Bros.,
Ringling Bros.,Barnum,Bailey Bros.,
Ringling Bros.,Barnum,Bailey Bros.,
Ringling Bros.,Barnum,Bailey Bros.,
Ringling Bros.,Barnum,Bailey Bros.,
Ringling Bros.,Barnum,Bailey Bros.,
Ringling Bros.,Barnum,Bailey Bros.,
Ringling Bros.,Barnum,Bailey Bros.,
Ringling Bros.,Barnum,Bailey Bros.,
Ringling Bros.,Barnum,Bailey Bros.,
Ringling Bros.,Barnum,Bailey Bros.,
Ringling Bros.,Barnum,Bailey Bros.,
Ringling Bros.,Barnum,Bailey Bros.,
Ringling Bros.,Barnum,Bailey Bros.,
Ringling Bros.,Barnum,Bailey Bros.,
Ringling Bros.,Barnum,Bailey Bros.,
Ringling Bros.,Barnum,Bailey Bros.,
Ringling Bros.,Barnum,Bailey Bros.,
Ringling Bros.,Barnum,Bailey Bros.,
Ringling Bros.,Barnum,Bailey Bros.,
Ringling Bros.,Barnum,Bailey Bros.,
Ringling Bros.,Barnum,Bailey Bros.,
Ringling Bros.,Barnum,Bailey Bros.,
Ringling Bros.,Barnum,Bailey Bros.,
Ringling Bros.,Barnum,Bailey Bros.,
Ringling Bros.,Barnum,Bailey Bros.,
Ringling Bros.,Barnum,Bailey Bros.,
Ringling Bros.,Barnum,Bailey Bros.,
Ringling Bros.,Barnum,Bailey Bros.,
Ringling Bros.,Barnum,Bailey Bros.,
Ringling Bros.,Barnum,Bailey Bros.,
Ringling Bros.,Barnum,Bailey Bros.,
Ringling Bros.,Barnum,Bailey Bros.,
Ringling Bros.,Barnum,Bailey Bros.,
Ringling Bros.,Barnum,Bailey Bros.,
Ringling Bros.,Barnum,Bailey Bros.,
Ringling Bros.,Barnum,Bailey Bros.,
Ringling Bros.,Barnum,Bailey Bros.,
Ringling Bros.,Barnum,Bailey Bros.,
Ringling Bros.,Barnum,Bailey Bros.,
Ringling Bros.,Barnum,Bailey Bros.,
Ringling Bros.,Barnum,Bailey Bros.,
Ringling Bros.,Barnum,Bailey Bros.,
Ringling Bros.,Barnum,Bailey Bros.,
Ringling Bros.,Barnum,Bailey Bros.,
Ringling Bros.,Barnum,Bailey Bros.,
Ringling Bros.,Barnum,Bailey Bros.,
Ringling Bros.,Barnum,Bailey Bros.,
Ringling Bros.,Barnum,Bailey Bros.,
Ringling Bros.,Barnum,Bailey Bros.,
Ringling Bros.,Barnum,Bailey Bros.,
Ringling Bros.,Barnum,Bailey Bros.,
Ringling Bros.,Barnum,Bailey Bros.,
Ringling Bros.,Barnum,Bailey Bros.,
Ringling Bros.,Barnum,Bailey Bros.,
Ringling Bros.,Barnum,Bailey Bros.,
Ringling Bros.,Barnum,Bailey Bros.,
Ringling Bros.,Barnum,Bailey Bros.,
Ringling Bros.,Barnum,Bailey Bros.,
Ringling Bros.,Barnum,Bailey Bros.,
Ringling Bros.,Barnum,Bailey Bros.,
Ringling Bros.,Barnum,Bailey Bros.,
Ringling Bros.,Barnum,Bailey Bros.,
Ringling Bros.,Barnum,Bailey Bros.,
Ringling Bros.,Barnum,Bailey Bros.,
Ringling Bros.,Barnum,Bailey Bros.,
Ringling Bros.,Barnum,Bailey Bros.,
Ringling Bros.,Barnum,Bailey Bros.,
Ringling Bros.,Barnum,Bailey Bros.,
Ringling Bros.,Barnum,Bailey Bros.,
Ringling Bros.,Barnum,Bailey Bros.,
Ringling Bros.,Barnum,Bailey Bros.,
Ringling Bros.,Barnum,Bailey Bros.,
Ringling Bros.,Barnum,Bailey Bros.,
Ringling Bros.,Barnum,Bailey Bros.,
Ringling Bros.,Barnum,Bailey Bros.,
Ringling Bros.,Barnum,Bailey Bros.,
Ringling Bros.,Barnum,Bailey Bros.,
Ringling Bros.,Barnum,Bailey Bros.,
Ringling Bros.,Barnum,Bailey Bros.,
Ringling Bros.,Barnum,Bailey Bros.,
Ringling Bros.,Barnum,Bailey Bros.,
Ringling Bros.,Barnum,Bailey Bros.,
Ringling Bros.,Barnum,Bailey Bros.,
Ringling Bros.,Barnum,Bailey Bros.,
Ringling Bros.,Barnum,Bailey Bros.,
Ringling Bros.,Barnum,Bailey Bros.,
Ringling Bros.,Barnum,Bailey Bros.,
Ringling Bros.,Barnum,Bailey Bros.,
Ringling Bros.,Barnum,Bailey Bros.,
Ringling Bros.,Barnum,Bailey Bros.,
Ringling Bros.,Barnum,Bailey Bros.,
Ringling Bros.,Barnum,Bailey Bros.,
Ringling Bros.,Barnum,Bailey Bros.,
Ringling Bros.,Barnum,Bailey Bros.,
Ringling Bros.,Barnum,Bailey Bros.,
Ringling Bros.,Barnum,Bailey Bros.,
Ringling Bros.,Barnum,Bailey Bros.,
Ringling Bros.,Barnum,Bailey Bros.,
Ringling Bros.,Barnum,Bailey Bros.,
Ringling Bros.,Barnum,Bailey Bros.,
Ringling Bros.,Barnum,Bailey Bros.,
Ringling Bros.,Barnum,Bailey Bros.,
Ringling Bros.,Barnum,Bailey Bros.,
Ringling Bros.,Barnum,Bailey Bros.,
Ringling Bros.,Barnum,Bailey Bros.,
Ringling Bros.,Barnum,Bailey Bros.,
Ringling Bros.,Barnum,Bailey Bros.,
Ringling Bros.,Barnum,Bailey Bros.,
Ringling Bros.,Barnum,Bailey Bros.,
Ringling Bros.,Barnum,Bailey Bros.,
Ringling Bros.,Barnum,Bailey Bros.,
Ringling Bros.,Barnum,Bailey Bros.,
Ringling Bros.,Barnum,Bailey Bros.,
Ringling Bros.,Barnum,Bailey Bros.,
Ringling Bros.,Barnum,Bailey Bros.,
Ringling Bros.,Barnum,Bailey Bros.,
Ringling Bros.,Barnum,Bailey Bros.,
Ringling Bros.,Barnum,Bailey Bros.,
Ringling Bros.,Barnum,Bailey Bros.,
Ringling Bros.,Barnum,Bailey Bros.,
Ringling Bros.,Barnum,Bailey Bros.,
Ringling Bros.,Barnum,Bailey Bros.,
Ringling Bros.,Barnum,Bailey Bros.,
Ringling Bros.,Barnum,Bailey Bros.,
Ringling Bros.,Barnum,Bailey Bros.,
Ringling Bros.,Barnum,Bailey Bros.,
Ringling Bros.,Barnum,Bailey Bros.,
Ringling Bros.,Barnum,Bailey Bros.,
Ringling Bros.,Barnum,Bailey Bros.,
Ringling Bros.,Barnum,Bailey Bros.,
Ringling Bros.,Barnum,Bailey Bros.,
Ringling Bros.,Barnum,Bailey Bros.,
Ringling Bros.,Barnum,Bailey Bros.,
Ringling Bros.,Barnum,Bailey Bros.,
Ringling Bros.,Barnum,Bailey Bros.,
Ringling Bros.,Barnum,Bailey Bros.,
Ringling Bros.,Barnum,Bailey Bros.,
Ringling Bros.,Barnum,Bailey Bros.,
Ringling Bros.,Barnum,Bailey Bros.,
Ringling Bros.,Barnum,Bailey Bros.,
Ringling Bros.,Barnum,Bailey Bros.,
Ringling Bros.,Barnum,Bailey Bros.,
Ringling Bros.,Barnum,Bailey Bros.,
Ringling Bros.,Barnum,Bailey Bros.,
Ringling Bros.,Barnum,Bailey Bros.,
Ringling Bros.,Barnum,Bailey Bros.,
Ringling Bros.,Barnum,Bailey Bros.,
Ringling Bros.,Barnum,Bailey Bros.,
Ringling Bros.,Barnum,Bailey Bros.,
Ringling Bros.,Barnum,Bailey Bros.,
Ringling Bros.,Barnum,Bailey Bros.,
Ringling Bros.,Barnum,Bailey Bros.,
Ringling Bros.,Barnum,Bailey Bros.,
Ringling Bros.,Barnum,Bailey Bros.,
Ringling Bros.,Barnum,Bailey Bros.,
Ringling Bros.,Barnum,Bailey Bros.,
Ringling Bros.,Barnum,Bailey Bros.,
Ringling Bros.,Barnum,Bailey Bros.,
Ringling Bros.,Barnum,Bailey Bros.,
Ringling Bros.,Barnum,Bailey Bros.,
Ringling Bros.,Barnum,Bailey Bros.,
Ringling Bros.,Barnum,Bailey Bros.,
Ringling Bros.,Barnum,Bailey Bros.,
Ringling Bros.,Barnum,Bailey Bros.,
Ringling Bros.,Barnum,Bailey Bros.,
Ringling Bros.,Barnum,Bailey Bros.,
Ringling Bros.,Barnum,Bailey Bros.,
Ringling Bros.,Barnum,Bailey Bros.,
Ringling Bros.,Barnum,Bailey Bros.,
Ringling Bros.,Barnum,Bailey Bros.,
Ringling Bros.,Barnum,Bailey Bros.,
Ringling Bros.,Barnum,Bailey Bros.,
Ringling Bros.,Barnum,Bailey Bros.,
Ringling Bros.,Barnum,Bailey Bros.,
Ringling Bros.,Barnum,Bailey Bros.,
Ringling Bros.,Barnum,Bailey Bros.,
Ringling Bros.,Barnum,Bailey Bros.,
Ringling Bros.,Barnum,Bailey Bros.,
Ringling Bros.,Barnum,Bailey Bros.,
Ringling Bros.,Barnum,Bailey Bros.,
Ringling Bros.,Barnum,Bailey Bros.,
Ringling Bros.,Barnum,Bailey Bros.,
Ringling Bros.,Barnum,Bailey Bros.,
Ringling Bros.,Barnum,Bailey Bros.,
Ringling Bros.,Barnum,Bailey Bros.,
Ringling Bros.,Barnum,Bailey Bros.,
Ringling Bros.,Barnum,Bailey Bros.,
Ringling Bros.,Barnum,Bailey Bros.,
Ringling Bros.,Barnum,Bailey Bros.,
Ringling Bros.,Barnum,Bailey Bros.,
Ringling Bros.,Barnum,Bailey Bros.,
Ringling Bros.,Barnum,Bailey Bros.,
Ringling Bros.,Barnum,Bailey Bros.,
Ringling Bros.,Barnum,Bailey Bros.,
Ringling Bros.,Barnum,Bailey Bros.,
Ringling Bros.,Barnum,Bailey Bros.,
Ringling Bros.,Barnum,Bailey Bros.,
Ringling Bros.,Barnum,Bailey Bros.,
Ringling Bros.,Barnum,Bailey Bros.,
Ringling Bros.,Barnum,Bailey Bros.,
Ringling Bros.,Barnum,Bailey Bros.,
Ringling Bros.,Barnum,Bailey Bros.,
Ringling Bros.,Barnum,Bailey Bros.,
Ringling Bros.,Barnum,Bailey Bros.,
Ringling Bros.,Barnum,Bailey Bros.,
Ringling Bros.,Barnum,Bailey Bros.,
Ringling Bros.,Barnum,Bailey Bros.,
Ringling Bros.,Barnum,Bailey Bros.,
Ringling Bros.,Barnum,Bailey Bros.,
Ringling Bros.,Barnum,Bailey Bros.,
Ringling Bros.,Barnum,Bailey Bros.,
Ringling Bros.,Barnum,Bailey Bros.,
Ringling Bros.,Barnum,Bailey Bros.,
Ringling Bros.,Barnum,Bailey Bros.,
Ringling Bros.,Barnum,Bailey Bros.,
Ringling Bros.,Barnum,Bailey Bros.,
Ringling Bros.,Barnum,Bailey Bros.,
Ringling Bros.,Barnum,Bailey Bros.,
Ringling Bros.,Barnum,Bailey Bros.,
Ringling Bros.,Barnum,Bailey Bros.,
Ringling Bros.,Barnum,Bailey Bros.,
Ringling Bros.,Barnum,Bailey Bros.,
Ringling Bros.,Barnum,Bailey Bros.,
Ringling Bros.,Barnum,Bailey Bros.,
Ringling Bros.,Barnum,Bailey Bros.,
Ringling Bros.,Barnum,Bailey Bros.,
Ringling Bros.,Barnum,Bailey Bros.,
Ringling Bros.,Barnum,Bailey Bros.,
Ringling Bros.,Barnum,Bailey Bros.,
Ringling Bros.,Barnum,Bailey Bros.,
Ringling Bros.,Barnum,Bailey Bros.,
Ringling Bros.,Barnum,Bailey Bros.,
Ringling Bros.,Barnum,Bailey Bros.,
Ringling Bros.,Barnum,Bailey Bros.,
Ringling Bros.,Barnum,Bailey Bros.,
Ringling Bros.,Barnum,Bailey Bros.,
Ringling Bros.,Barnum,Bailey Bros.,
Ringling Bros.,Barnum,Bailey Bros.,
Ringling Bros.,Barnum,Bailey Bros.,
Ringling Bros.,Barnum,Bailey Bros.,
Ringling Bros.,Barnum,Bailey Bros.,
Ringling Bros.,Barnum,Bailey Bros.,
Ringling Bros.,Barnum,Bailey Bros.,
Ringling Bros.,Barnum,Bailey Bros.,
Ringling Bros.,Barnum,Bailey Bros.,
Ringling Bros.,Barnum,Bailey Bros.,
Ringling Bros.,Barnum,Bailey Bros.,
Ringling Bros.,Barnum,Bailey Bros.,
Ringling Bros.,Barnum,Bailey Bros.,
Ringling Bros.,Barnum,Bailey Bros.,
Ringling Bros.,Barnum,Bailey Bros.,
Ringling Bros.,Barnum,Bailey Bros.,
Ringling Bros.,Barnum,Bailey Bros.,
Ringling Bros.,Barnum,Bailey Bros.,
Ringling Bros.,Barnum,Bailey Bros.,
Ringling Bros.,Barnum,Bailey Bros.,
Ringling Bros.,Barnum,Bailey Bros.,
Ringling Bros.,Barnum,Bailey Bros.,
Ringling Bros.,Barnum,Bailey Bros.,
Ringling Bros.,Barnum,Bailey Bros.,
Ringling Bros.,Barnum,Bailey Bros.,
Ringling Bros.,Barnum,Bailey Bros.,
Ringling Bros.,Barnum,Bailey Bros.,
Ringling Bros.,Barnum,Bailey Bros.,
Ringling Bros.,Barnum,Bailey Bros.,
Ringling Bros.,Barnum,Bailey Bros.,
Ringling Bros.,Barnum,Bailey Bros.,
Ringling Bros.,Barnum,Bailey Bros.,
O'Brien,Hunderberger,Astley,
O'Brien,Hunderberger,Astley,
Bostock,Wombwell,,
Bostock,Wombwell,,
Bostock,Wombwell,,
Bostock,Wombwell,,
Bostock,Wombwell,,
Bostock,Wombwell,,
Sig Sautelle,Welsh Bros.,,
Parker,Watts,,
Parker,Watts,,
Parker,Watts,,
Parker,Watts,,
Parker,Watts,,
Parker,Watts,,
Milrus,Warner,,
Clark Bros.,Walters,,
Clark Bros.,Walters,,
Clark Bros.,Walters,,
Clark Bros.,Walters,,
Clark Bros.,Walters,,
Clark Bros.,Walters,,
Clark Bros.,Walters,,
Clark Bros.,Walters,,
Clark Bros.,Walters,,
Clark Bros.,Walters,,
Clark Bros.,Walters,,
Clark Bros.,Walters,,
Clark Bros.,Walters,,
Clark Bros.,Walters,,
Clark Bros.,Walters,,
Clark Bros.,Walters,,
Clark Bros.,Walters,,
Clark Bros.,Walters,,
Clark Bros.,Walters,,
Clark Bros.,Walters,,
Clark Bros.,Walters,,
Clark Bros.,Walters,,
Clark Bros.,Walters,,
Clark Bros.,Walters,,
Clark Bros.,Walters,,
Hagenbeck,Wallace Bros. ,,
Hagenbeck,Wallace Bros. ,,
Hagenbeck,Wallace Bros. ,,
Hagenbeck,Wallace Bros. ,,
Hagenbeck,Wallace Bros. ,,
Hagenbeck,Wallace Bros. ,,
Hagenbeck,Wallace Bros. ,,
Hagenbeck,Wallace Bros. ,,
Hagenbeck,Wallace Bros. ,,
Hagenbeck,Wallace Bros. ,,
Hagenbeck,Wallace Bros. ,,
Hagenbeck,Wallace Bros. ,,
Hagenbeck,Wallace Bros. ,,
Hagenbeck,Wallace Bros. ,,
Hagenbeck,Wallace Bros. ,,
Hagenbeck,Wallace Bros. ,,
Hagenbeck,Wallace Bros. ,,
Hagenbeck,Wallace Bros. ,,
Hagenbeck,Wallace Bros. ,,
Hagenbeck,Wallace Bros. ,,
Hagenbeck,Wallace Bros. ,,
Hagenbeck,Wallace Bros. ,,
Hagenbeck,Wallace Bros. ,,
Hagenbeck,Wallace Bros. ,,
Hagenbeck,Wallace Bros. ,,
Hagenbeck,Wallace Bros. ,,
Hagenbeck,Wallace Bros. ,,
Hagenbeck,Wallace Bros. ,,
Hagenbeck,Wallace Bros. ,,
Hagenbeck,Wallace Bros. ,,
Hagenbeck,Wallace Bros. ,,
Hagenbeck,Wallace Bros. ,,
Hagenbeck,Wallace Bros. ,,
Hagenbeck,Wallace Bros. ,,
Hagenbeck,Wallace Bros. ,,
Hagenbeck,Wallace Bros. ,,
Hagenbeck,Wallace Bros. ,,
Hagenbeck,Wallace Bros. ,,
Hagenbeck,Wallace Bros. ,,
Hagenbeck,Wallace Bros. ,,
Hagenbeck,Wallace Bros. ,,
Hagenbeck,Wallace Bros. ,,
Hagenbeck,Wallace Bros. ,,
Hagenbeck,Wallace Bros. ,,
Hagenbeck,Wallace Bros. ,,
Hagenbeck,Wallace Bros. ,,
Hagenbeck,Wallace Bros. ,,
Hagenbeck,Wallace Bros. ,,
Hagenbeck,Wallace Bros. ,,
Hagenbeck,Wallace Bros. ,,
Hagenbeck,Wallace Bros. ,,
Hagenbeck,Wallace Bros. ,,
Hagenbeck,Wallace Bros. ,,
Hagenbeck,Wallace Bros. ,,
Hagenbeck,Wallace Bros. ,,
Hagenbeck,Wallace Bros. ,,
Hagenbeck,Wallace Bros. ,,
Hagenbeck,Wallace Bros. ,,
Hagenbeck,Wallace Bros. ,,
Hagenbeck,Wallace Bros. ,,
Hagenbeck,Wallace Bros. ,,
Hagenbeck,Wallace Bros. ,,
Hagenbeck,Wallace Bros. ,,
Hagenbeck,Wallace Bros. ,,
Hagenbeck,Wallace Bros. ,,
Hagenbeck,Wallace Bros. ,,
Hagenbeck,Wallace Bros. ,,
Hagenbeck,Wallace Bros. ,,
Hagenbeck,Wallace Bros. ,,
Hagenbeck,Wallace Bros. ,,
Hagenbeck,Wallace Bros. ,,
Hagenbeck,Wallace Bros. ,,
Hagenbeck,Wallace Bros. ,,
Hagenbeck,Wallace Bros. ,,
Hagenbeck,Wallace Bros. ,,
Hagenbeck,Wallace Bros. ,,
Hagenbeck,Wallace Bros. ,,
Hagenbeck,Wallace Bros. ,,
Hagenbeck,Wallace Bros. ,,
Hagenbeck,Wallace Bros. ,,
Hagenbeck,Wallace Bros. ,,
Hagenbeck,Wallace Bros. ,,
Hagenbeck,Wallace Bros. ,,
Hagenbeck,Wallace Bros. ,,
Hagenbeck,Wallace Bros. ,,
Hagenbeck,Wallace Bros. ,,
Hagenbeck,Wallace Bros. ,,
Hagenbeck,Wallace Bros. ,,
Hagenbeck,Wallace Bros. ,,
Hagenbeck,Wallace Bros. ,,
Hagenbeck,Wallace Bros. ,,
Hagenbeck,Wallace Bros. ,,
Hagenbeck,Wallace Bros. ,,
Hagenbeck,Wallace Bros. ,,
Hagenbeck,Wallace Bros. ,,
Hagenbeck,Wallace Bros. ,,
Hagenbeck,Wallace Bros. ,,
Hagenbeck,Wallace Bros. ,,
Hagenbeck,Wallace Bros. ,,
Hagenbeck,Wallace Bros. ,,
Hagenbeck,Wallace Bros. ,,
Hagenbeck,Wallace Bros. ,,
Hagenbeck,Wallace Bros. ,,
Hagenbeck,Wallace Bros. ,,
Hagenbeck,Wallace Bros. ,,
Hagenbeck,Wallace Bros. ,,
Hagenbeck,Wallace Bros. ,,
Hagenbeck,Wallace Bros. ,,
Hagenbeck,Wallace Bros. ,,
Hagenbeck,Wallace Bros. ,,
Hagenbeck,Wallace Bros. ,,
Hagenbeck,Wallace Bros. ,,
Hagen Bros.,Wallace Bros. ,,
Hagen Bros.,Wallace Bros. ,,
Hagen Bros.,Wallace Bros. ,,
Hagen Bros.,Wallace Bros. ,,
Hagen Bros.,Wallace Bros. ,,
Hagen Bros.,Wallace Bros. ,,
Hagen Bros.,Wallace Bros. ,,
Hagen Bros.,Wallace Bros. ,,
Hagen Bros.,Wallace Bros. ,,
Hagen Bros.,Wallace Bros. ,,
Hagen Bros.,Wallace Bros. ,,
Hagen Bros.,Wallace Bros. ,,
Hagen Bros.,Wallace Bros. ,,
Hagen Bros.,Wallace Bros. ,,
Hagen Bros.,Wallace Bros. ,,
Hagen Bros.,Wallace Bros. ,,
Cristiani Bros.,Wallace Bros. ,,
Cristiani Bros.,Wallace Bros. ,,
Cristiani Bros.,Wallace Bros. ,,
Cristiani Bros.,Wallace Bros. ,,
Cristiani Bros.,Wallace Bros. ,,
Cristiani Bros.,Wallace Bros. ,,
Cristiani Bros.,Wallace Bros. ,,
Cristiani Bros.,Wallace Bros. ,,
Cristiani Bros.,Wallace Bros. ,,
Cristiani Bros.,Wallace Bros. ,,
Cristiani Bros.,Wallace Bros. ,,
Cristiani Bros.,Wallace Bros. ,,
Beatty Bros. ,Wallace Bros. ,,
Beatty Bros. ,Wallace Bros. ,,
Charles Reiche,Van Amburgh,,
Charles Reiche,Van Amburgh,,
Charles Reiche,Van Amburgh,,
Charles Reiche,Van Amburgh,,
Seils,Sterling Bros.,,
Seils,Sterling Bros.,,
Seils,Sterling Bros.,,
Seils,Sterling Bros.,,
Seils,Sterling Bros.,,
Seils,Sterling Bros.,,
Seils,Sterling Bros.,,
Seils,Sterling Bros.,,
Seils,Sterling Bros.,,
Seils,Sterling Bros.,,
Seils,Sterling Bros.,,
Seils,Sterling Bros.,,
Seils,Sterling Bros.,,
Seils,Sterling Bros.,,
Seils,Sterling Bros.,,
Seils,Sterling Bros.,,
Seils,Sterling Bros.,,
Seils,Sterling Bros.,,
Seils,Sterling Bros.,,
Seils,Sterling Bros.,,
Seils,Sterling Bros.,,
Seils,Sterling Bros.,,
Seils,Sterling Bros.,,
Seils,Sterling Bros.,,
Seils,Sterling Bros.,,
Seils,Sterling Bros.,,
Seils,Sterling Bros.,,
Seils,Sterling Bros.,,
Captain Seils',Sterling Bros.,,
Hoons,Sparks Bros.,,
Downie Bros. ,Sparks Bros.,,
Downie Bros. ,Sparks Bros.,,
Downie Bros. ,Sparks Bros.,,
Downie Bros. ,Sparks Bros.,,
Downie Bros. ,Sparks Bros.,,
Downie Bros. ,Sparks Bros.,,
Downie Bros. ,Sparks Bros.,,
Downie Bros. ,Sparks Bros.,,
Downie Bros. ,Sparks Bros.,,
Downie Bros. ,Sparks Bros.,,
Downie Bros. ,Sparks Bros.,,
Downie Bros. ,Sparks Bros.,,
Scribner,Smith,,
Adam Forepaugh,Sells Bros.,,
Adam Forepaugh,Sells Bros.,,
Adam Forepaugh,Sells Bros.,,
Adam Forepaugh,Sells Bros.,,
Adam Forepaugh,Sells Bros.,,
Adam Forepaugh,Sells Bros.,,
Adam Forepaugh,Sells Bros.,,
Adam Forepaugh,Sells Bros.,,
Adam Forepaugh,Sells Bros.,,
Adam Forepaugh,Sells Bros.,,
Adam Forepaugh,Sells Bros.,,
Adam Forepaugh,Sells Bros.,,
Adam Forepaugh,Sells Bros.,,
Adam Forepaugh,Sells Bros.,,
Adam Forepaugh,Sells Bros.,,
Adam Forepaugh,Sells Bros.,,
Adam Forepaugh,Sells Bros.,,
Adam Forepaugh,Sells Bros.,,
Adam Forepaugh,Sells Bros.,,
Adam Forepaugh,Sells Bros.,,
Adam Forepaugh,Sells Bros.,,
Adam Forepaugh,Sells Bros.,,
Adam Forepaugh,Sells Bros.,,
Adam Forepaugh,Sells Bros.,,
Adam Forepaugh,Sells Bros.,,
Adam Forepaugh,Sells Bros.,,
Adam Forepaugh,Sells Bros.,,
Adam Forepaugh,Sells Bros.,,
Adam Forepaugh,Sells Bros.,,
Adam Forepaugh,Sells Bros.,,
Adam Forepaugh,Sells Bros.,,
Adam Forepaugh,Sells Bros.,,
Adam Forepaugh,Sells Bros.,,
Adam Forepaugh,Sells Bros.,,
Adam Forepaugh,Sells Bros.,,
Adam Forepaugh,Sells Bros.,,
Adam Forepaugh,Sells Bros.,,
Adam Forepaugh,Sells Bros.,,
Adam Forepaugh,Sells Bros.,,
Adam Forepaugh,Sells Bros.,,
Adam Forepaugh,Sells Bros.,,
Adam Forepaugh,Sells Bros.,,
Adam Forepaugh,Sells Bros.,,
Adam Forepaugh,Sells Bros.,,
Adam Forepaugh,Sells Bros.,,
Adam Forepaugh,Sells Bros.,,
Adam Forepaugh,Sells Bros.,,
Adam Forepaugh,Sells Bros.,,
Adam Forepaugh,Sells Bros.,,
Adam Forepaugh,Sells Bros.,,
Adam Forepaugh,Sells Bros.,,
Adam Forepaugh,Sells Bros.,,
Adam Forepaugh,Sells Bros.,,
Adam Forepaugh,Sells Bros.,,
Adam Forepaugh,Sells Bros.,,
Adam Forepaugh,Sells Bros.,,
Adam Forepaugh,Sells Bros.,,
Adam Forepaugh,Sells Bros.,,
Adam Forepaugh,Sells Bros.,,
Adam Forepaugh,Sells Bros.,,
Adam Forepaugh,Sells Bros.,,
Adam Forepaugh,Sells Bros.,,
Adam Forepaugh,Sells Bros.,,
Adam Forepaugh,Sells Bros.,,
Adam Forepaugh,Sells Bros.,,
Adam Forepaugh,Sells Bros.,,
Adam Forepaugh,Sells Bros.,,
Adam Forepaugh,Sells Bros.,,
Adam Forepaugh,Sells Bros.,,
Adam Forepaugh,Sells Bros.,,
Adam Forepaugh,Sells Bros.,,
Adam Forepaugh,Sells Bros.,,
Adam Forepaugh,Sells Bros.,,
Adam Forepaugh,Sells Bros.,,
Adam Forepaugh,Sells Bros.,,
Adam Forepaugh,Sells Bros.,,
Adam Forepaugh,Sells Bros.,,
Adam Forepaugh,Sells Bros.,,
Adam Forepaugh,Sells Bros.,,
Adam Forepaugh,Sells Bros.,,
Adam Forepaugh,Sells Bros.,,
Adam Forepaugh,Sells Bros.,,
Adam Forepaugh,Sells Bros.,,
Adam Forepaugh,Sells Bros.,,
Adam Forepaugh,Sells Bros.,,
Adam Forepaugh,Sells Bros.,,
Adam Forepaugh,Sells Bros.,,
Adam Forepaugh,Sells Bros.,,
Adam Forepaugh,Sells Bros.,,
Adam Forepaugh,Sells Bros.,,
Wheeler,Sautelle,,
Wheeler,Sautelle,,
Wheeler,Sautelle,,
Wheeler,Sautelle,,
Tom Mix,Sam B. Dills,,
Tom Mix,Sam B. Dills,,
Tom Mix,Sam B. Dills,,
Tom Mix,Sam B. Dills,,
Tom Mix,Sam B. Dills,,
Tom Mix,Sam B. Dills,,
Tom Mix,Sam B. Dills,,
Beatty Bros. ,Russell,,
TNT,Royal Olympic,,
TNT,Royal Olympic,,
TNT,Royal Olympic,,
TNT,Royal Olympic,,
King Bros.,Royal,,
Norris,Rowe,,
Spalding,Rogers,,
Spalding,Rogers,,
Spalding,Rogers,,
Spalding,Rogers,,
Cole,Rogers,,
Wallace,Rodgers,,
Wallace,Rodgers,,
Wallace,Rodgers,,
Cole,Rodgers,,
Cole,Rodgers,,
Cole,Rodgers,,
Cole,Rodgers,,
Cole,Rodgers,,
Cole,Rodgers,,
Buffalo Bill,Pawnee Bill,,
Buffalo Bill,Pawnee Bill,,
Buffalo Bill,Pawnee Bill,,
Buffalo Bill,Pawnee Bill,,
Buffalo Bill,Pawnee Bill,,
Buffalo Bill,Pawnee Bill,,
Buffalo Bill,Pawnee Bill,,
Buffalo Bill,Pawnee Bill,,
Buffalo Bill,Pawnee Bill,,
Buffalo Bill,Pawnee Bill,,
Buffalo Bill,Pawnee Bill,,
Buffalo Bill,Pawnee Bill,,
Buffalo Bill,Pawnee Bill,,
Buffalo Bill,Pawnee Bill,,
Buffalo Bill,Pawnee Bill,,
Buffalo Bill,Pawnee Bill,,
Buffalo Bill,Pawnee Bill,,
Buffalo Bill,Pawnee Bill,,
Stone,Murray,,
Stone,Murray,,
Hamid,Morton,,
Hamid,Morton,,
Hamid,Morton,,
Hamid,Morton,,
Hamid,Morton,,
Hamid,Morton,,
Hamid,Morton,,
Hamid,Morton,,
Hamid,Morton,,
Kelly Bros.,Morris,,
Kelly Bros.,Miller Bros. ,,
Kelly Bros.,Miller Bros. ,,
Kelly Bros.,Miller Bros. ,,
Kelly Bros.,Miller Bros. ,,
Kelly Bros.,Miller Bros. ,,
Kelly Bros.,Miller Bros. ,,
Kelly Bros.,Miller Bros. ,,
Kelly Bros.,Miller Bros. ,,
Kelly Bros.,Miller Bros. ,,
Al G. Kelly,Miller Bros. ,,
Al G. Kelly,Miller Bros. ,,
Al G. Kelly,Miller Bros. ,,
Al G. Kelly,Miller Bros. ,,
Al G. Kelly,Miller Bros. ,,
Al G. Kelly,Miller Bros. ,,
Al G. Kelly,Miller Bros. ,,
Al G. Kelly,Miller Bros. ,,
Al G. Kelly,Miller Bros. ,,
Al G. Kelly,Miller Bros. ,,
Al G. Kelly,Miller Bros. ,,
Al G. Kelly,Miller Bros. ,,
Al G. Kelly,Miller Bros. ,,
Al G. Kelly,Miller Bros. ,,
Al G. Kelly,Miller Bros. ,,
Al G. Kelly,Miller Bros. ,,
Al G. Kelly,Miller Bros. ,,
Al G. Kelly,Miller Bros. ,,
Al G. Kelly,Miller Bros. ,,
Al G. Kelly,Miller Bros. ,,
Al G. Kelly,Miller Bros. ,,
Al G. Kelly,Miller Bros. ,,
Al G. Kelly,Miller Bros. ,,
Al G. Kelly,Miller Bros. ,,
Al G. Kelly,Miller Bros. ,,
Al G. Kelly,Miller Bros. ,,
Al G. Kelly,Miller Bros. ,,
Al G. Kelly,Miller Bros. ,,
Al G. Kelly,Miller Bros. ,,
Al G. Kelly,Miller Bros. ,,
Al G. Kelly,Miller Bros. ,,
Al G. Kelly,Miller Bros. ,,
Al G. Kelly,Miller Bros. ,,
Al G. Kelly,Miller Bros. ,,
Al G. Kelly,Miller Bros. ,,
Al G. Kelly,Miller Bros. ,,
Al G. Kelly,Miller Bros. ,,
Al G. Kelly,Miller Bros. ,,
Al G. Kelly,Miller Bros. ,,
Al G. Kelly,Miller Bros. ,,
Al G. Kelly,Miller Bros. ,,
Al G. Kelly,Miller Bros. ,,
Al G. Kelly,Miller Bros. ,,
Al G. Kelly,Miller Bros. ,,
Al G. Kelly,Miller Bros. ,,
Al G. Kelly,Miller Bros. ,,
Al G. Kelly,Miller Bros. ,,
Al G. Kelly,Miller Bros. ,,
Al G. Kelly,Miller Bros. ,,
Al G. Kelly,Miller Bros. ,,
Al G. Kelly,Miller Bros. ,,
Al G. Kelly,Miller Bros. ,,
Al G. Kelly,Miller Bros. ,,
Al G. Kelly,Miller Bros. ,,
Al G. Kelly,Miller Bros. ,,
Al G. Kelly,Miller Bros. ,,
Al G. Kelly,Miller Bros. ,,
Al G. Kelly,Miller Bros. ,,
Al G. Kelly,Miller Bros. ,,
Al G. Kelly,Miller Bros. ,,
Al G. Kelly,Miller Bros. ,,
Al G. Kelly,Miller Bros. ,,
Al G. Kelly,Miller Bros. ,,
Al G. Kelly,Miller Bros. ,,
Al G. Kelly,Miller Bros. ,,
Al G. Kelly,Miller Bros. ,,
Al G. Kelly,Miller Bros. ,,
Al G. Kelly,Miller Bros. ,,
Al G. Kelly,Miller Bros. ,,
Al G. Kelly,Miller Bros. ,,
Al G. Kelly,Miller Bros. ,,
Al G. Kelly,Miller Bros. ,,
Culpepper,Merriweather,,
Culpepper,Merriweather,,
Campbell Bros.,Lucky Bill,,
Campbell Bros.,Lucky Bill,,
Campbell Bros.,Lucky Bill,,
Campbell Bros.,Lucky Bill,,
Campbell Bros.,Lucky Bill,,
Hanlon,Lees,,
Bockus,Kilonis,,
Miller Bros.,Johnson,,
Buffalo Bill,Jess Willard,,
Buffalo Bill,Jess Willard,,
Buffalo Bill,Jess Willard,,
Buffalo Bill,Jess Willard,,
Buffalo Bill,Jess Willard,,
Buffalo Bill,Jess Willard,,
Buffalo Bill,Jess Willard,,
Buffalo Bill,Jess Willard,,
Gentry Bros.,James Patterson,,
Gentry Bros.,James Patterson,,
Gentry Bros.,James Patterson,,
Cooper Bros.,Jackson,,
Newton Bros.,Honest Bill,,
Sells Bros.,Hassan Ben Ali's Moorish Caravan,,
Sells Bros.,Hassan Ben Ali's Moorish Caravan,,
Sells Bros.,Hassan Ben Ali's Moorish Caravan,,
Sells Bros.,Hassan Ben Ali's Moorish Caravan,,
Sells Bros.,Hassan Ben Ali's Moorish Caravan,,
Sells Bros.,Hassan Ben Ali's Moorish Caravan,,
Sells Bros.,Hassan Ben Ali's Moorish Caravan,,
Sells Bros.,Hassan Ben Ali's Moorish Caravan,,
Sells Bros.,Hassan Ben Ali's Moorish Caravan,,
Sells Bros.,Hassan Ben Ali's Moorish Caravan,,
Sells Bros.,Hassan Ben Ali's Moorish Caravan,,
Sells Bros.,Hassan Ben Ali's Moorish Caravan,,
Sells Bros.,Hassan Ben Ali's Moorish Caravan,,
Sells Bros.,Hassan Ben Ali's Moorish Caravan,,
Sells Bros.,Hassan Ben Ali's Moorish Caravan,,
Sells Bros.,Hassan Ben Ali's Moorish Caravan,,
Sells Bros.,Hassan Ben Ali's Moorish Caravan,,
Sells Bros.,Hassan Ben Ali's Moorish Caravan,,
Sells Bros.,Hassan Ben Ali's Moorish Caravan,,
Sells Bros.,Hassan Ben Ali's Moorish Caravan,,
Sells Bros.,Hassan Ben Ali's Moorish Caravan,,
Sells Bros.,Hassan Ben Ali's Moorish Caravan,,
Sells Bros.,Hassan Ben Ali's Moorish Caravan,,
Sells Bros.,Hassan Ben Ali's Moorish Caravan,,
Sells Bros.,Hassan Ben Ali's Moorish Caravan,,
Sells Bros.,Hassan Ben Ali's Moorish Caravan,,
Sells Bros.,Hassan Ben Ali's Moorish Caravan,,
Sells Bros.,Hassan Ben Ali's Moorish Caravan,,
Sells Bros.,Hassan Ben Ali's Moorish Caravan,,
Sells Bros.,Hassan Ben Ali's Moorish Caravan,,
Sells Bros.,Hassan Ben Ali's Moorish Caravan,,
Sells Bros.,Hassan Ben Ali's Moorish Caravan,,
Andertons,Haslam,,
Andertons,Haslam,,
Wallis,Harney,,
Curtis,Gregg,,
Sells Bros.,Gray,,
Sells Bros.,Gray,,
Sells Bros.,Gray,,
Sells Bros.,Gray,,
Sells Bros.,Gray,,
Sells Bros.,Gray,,
Sells Bros.,Gray,,
Sells Bros.,Gray,,
Sells Bros.,Gray,,
Sells Bros.,Gray,,
Sells Bros.,Gray,,
Sells Bros.,Gray,,
Sells Bros.,Gray,,
Sells Bros.,Gray,,
Sells Bros.,Gray,,
Sells Bros.,Gray,,
Sells Bros.,Gray,,
Sells Bros.,Gray,,
Sells Bros.,Gray,,
Sells Bros.,Gray,,
Sells Bros.,Gray,,
Sells Bros.,Gray,,
Sells Bros.,Gray,,
Sells Bros.,Gray,,
Sells Bros.,Gray,,
Sells Bros.,Gray,,
Sells Bros.,Gray,,
Sells Bros.,Gray,,
Sells Bros.,Gray,,
Sells Bros.,Gray,,
Sells Bros.,Gray,,
Sells Bros.,Gray,,
Sells Bros.,Gray,,
Dan Rice,Gentry Bros.,,
Dan Rice,Gentry Bros.,,
Dan Rice,Gentry Bros.,,
Peck,Fursman's,,
John Robinson,Franklin Bros. ,,
Woodstock Forester,Forester,,
Sells Bros.,Floto,,
Sells Bros.,Floto,,
Sells Bros.,Floto,,
Sells Bros.,Floto,,
Sells Bros.,Floto,,
Sells Bros.,Floto,,
Sells Bros.,Floto,,
Sells Bros.,Floto,,
Sells Bros.,Floto,,
Sells Bros.,Floto,,
Sells Bros.,Floto,,
Sells Bros.,Floto,,
Sells Bros.,Floto,,
Sells Bros.,Floto,,
Sells Bros.,Floto,,
Sells Bros.,Floto,,
Sells Bros.,Floto,,
Sells Bros.,Floto,,
Sells Bros.,Floto,,
Sells Bros.,Floto,,
Sells Bros.,Floto,,
Sells Bros.,Floto,,
Sells Bros.,Floto,,
Sells Bros.,Floto,,
Sells Bros.,Floto,,
Sells Bros.,Floto,,
Sells Bros.,Floto,,
Sells Bros.,Floto,,
Sells Bros.,Floto,,
Sells Bros.,Floto,,
Sells Bros.,Floto,,
Sells Bros.,Floto,,
Sells Bros.,Floto,,
Sells Bros.,Floto,,
Sells Bros.,Floto,,
Sells Bros.,Floto,,
Sells Bros.,Floto,,
Sells Bros.,Floto,,
Sells Bros.,Floto,,
Sells Bros.,Floto,,
Sells Bros.,Floto,,
Sells Bros.,Floto,,
Sells Bros.,Floto,,
Sells Bros.,Floto,,
Sells Bros.,Floto,,
Sells Bros.,Floto,,
Sells Bros.,Floto,,
Sells Bros.,Floto,,
Sells Bros.,Floto,,
Sells Bros.,Floto,,
Sells Bros.,Floto,,
Sells Bros.,Floto,,
Sells Bros.,Floto,,
Sells Bros.,Floto,,
Sells Bros.,Floto,,
Sells Bros.,Floto,,
Sells Bros.,Floto,,
Sells Bros.,Floto,,
Sells Bros.,Floto,,
Sells Bros.,Floto,,
Sells Bros.,Floto,,
Sells Bros.,Floto,,
Sells Bros.,Floto,,
Sells Bros.,Floto,,
Sells Bros.,Floto,,
Sells Bros.,Floto,,
Sells Bros.,Floto,,
Sells Bros.,Floto,,
Sells Bros.,Floto,,
Sells Bros.,Floto,,
Sells Bros.,Floto,,
Sells Bros.,Floto,,
Sells Bros.,Floto,,
Sells Bros.,Floto,,
Sells Bros.,Floto,,
Sells Bros.,Floto,,
Sells Bros.,Floto,,
Sells Bros.,Floto,,
Sells Bros.,Floto,,
Sells Bros.,Floto,,
Sells Bros.,Floto,,
Sells Bros.,Floto,,
Sells Bros.,Floto,,
Sells Bros.,Floto,,
Sells Bros.,Floto,,
Sells Bros.,Floto,,
Sells Bros.,Floto,,
Sells Bros.,Floto,,
Sells Bros.,Floto,,
Sells Bros.,Floto,,
Sells Bros.,Floto,,
Sells Bros.,Floto,,
Sells Bros.,Floto,,
Sells Bros.,Floto,,
Sells Bros.,Floto,,
Sells Bros.,Floto,,
Sells Bros.,Floto,,
Sells Bros.,Floto,,
Sells Bros.,Floto,,
Sells Bros.,Floto,,
Sells Bros.,Floto,,
Sells Bros.,Floto,,
Sells Bros.,Floto,,
Sells Bros.,Floto,,
Sells Bros.,Floto,,
Sells Bros.,Floto,,
Klaw,Erlanger,,
Hunt Bros.,Eddy Bros. ,,
Hunt Bros.,Eddy Bros. ,,
Hunt Bros.,Eddy Bros. ,,
Hunt Bros.,Eddy Bros. ,,
Hunt Bros.,Eddy Bros. ,,
Captain Eddy's,Eddy Bros. ,,
Captain Eddy's,Eddy Bros. ,,
Captain Eddy's,Eddy Bros. ,,
Brown,Dyer,,
Brown,Dyer,,
Brown,Dyer,,
Brown,Dyer,,
Silvan ,Drew,,
Martin Bros.,Downs,,
Batcheller,Doris,,
Batcheller,Doris,,
Batcheller,Doris,,
Hilliard,DeMott,,
Hilliard,DeMott,,
Hilliard,DeMott,,
Howes,Cushing Family,,
Howes,Cushing Family,,
Howes,Cushing Family,,
Howes,Cushing Family,,
Alexandria Howell,Cushing Family,,
King Bros.,Cristiani Bros.,,
King Bros.,Cristiani Bros.,,
King Bros.,Cristiani Bros.,,
King Bros.,Cristiani Bros.,,
King Bros.,Cristiani Bros.,,
King Bros.,Cristiani Bros.,,
King Bros.,Cristiani Bros.,,
King Bros.,Cristiani Bros.,,
King Bros.,Cristiani Bros.,,
King Bros.,Cristiani Bros.,,
King Bros.,Cristiani Bros.,,
King Bros.,Cristiani Bros.,,
Bailey Bros. ,Cristiani Bros.,,
Wyoming Bill,Cooper Bros. ,,
Maskelyne,Cooke,,
Burr Robbins,Colvin,,
Burr Robbins,Colvin,,
Cook Bros.,Cole Bros.,,
Beatty Bros. ,Cole,,
Beatty Bros. ,Cole,,
Beatty Bros. ,Cole,,
Beatty Bros. ,Cole,,
Beatty Bros. ,Cole,,
Beatty Bros. ,Cole,,
Beatty Bros. ,Cole,,
Beatty Bros. ,Cole,,
Beatty Bros. ,Cole,,
Beatty Bros. ,Cole,,
Beatty Bros. ,Cole,,
Beatty Bros. ,Cole,,
Beatty Bros. ,Cole,,
Beatty Bros. ,Cole,,
Beatty Bros. ,Cole,,
Beatty Bros. ,Cole,,
Beatty Bros. ,Cole,,
Beatty Bros. ,Cole,,
Beatty Bros. ,Cole,,
Beatty Bros. ,Cole,,
Beatty Bros. ,Cole,,
Beatty Bros. ,Cole,,
Beatty Bros. ,Cole,,
Beatty Bros. ,Cole,,
Beatty Bros. ,Cole,,
Beatty Bros. ,Cole,,
Beatty Bros. ,Cole,,
Beatty Bros. ,Cole,,
Beatty Bros. ,Cole,,
Beatty Bros. ,Cole,,
Beatty Bros. ,Cole,,
Beatty Bros. ,Cole,,
Beatty Bros. ,Cole,,
Beatty Bros. ,Cole,,
Beatty Bros. ,Cole,,
Beatty Bros. ,Cole,,
Beatty Bros. ,Cole,,
Beatty Bros. ,Cole,,
Beatty Bros. ,Cole,,
Beatty Bros. ,Cole,,
Beatty Bros. ,Cole,,
Beatty Bros. ,Cole,,
Beatty Bros. ,Cole,,
Beatty Bros. ,Cole,,
Beatty Bros. ,Cole,,
Beatty Bros. ,Cole,,
Beatty Bros. ,Cole,,
Beatty Bros. ,Cole,,
Beatty Bros. ,Cole,,
Beatty Bros. ,Cole,,
Beatty Bros. ,Cole,,
Beatty Bros. ,Cole,,
Beatty Bros. ,Cole,,
Beatty Bros. ,Cole,,
Beatty Bros. ,Cole,,
Beatty Bros. ,Cole,,
Beatty Bros. ,Cole,,
Beatty Bros. ,Cole,,
Beatty Bros. ,Cole,,
Beatty Bros. ,Cole,,
Beatty Bros. ,Cole,,
Beatty Bros. ,Cole,,
Beatty Bros. ,Cole,,
Beatty Bros. ,Cole,,
Beatty Bros. ,Cole,,
Beatty Bros. ,Cole,,
Beatty Bros. ,Cole,,
Beatty Bros. ,Cole,,
Beatty Bros. ,Cole,,
Beatty Bros. ,Cole,,
Beatty Bros. ,Cole,,
Beatty Bros. ,Cole,,
Beatty Bros. ,Cole,,
Beatty Bros. ,Cole,,
Beatty Bros. ,Cole,,
Beatty Bros. ,Cole,,
Beatty Bros. ,Cole,,
Beatty Bros. ,Cole,,
Beatty Bros. ,Cole,,
Beatty Bros. ,Cole,,
Beatty Bros. ,Cole,,
Beatty Bros. ,Cole,,
Beatty Bros. ,Cole,,
Beatty Bros. ,Cole,,
Wallace Bros. ,Clark,,
Wallace Bros. ,Clark,,
Wallace Bros. ,Clark,,
Wallace Bros. ,Clark,,
Wallace Bros. ,Clark,,
Wallace Bros. ,Clark,,
Wallace Bros. ,Clark,,
Van Amburgh,Charles Reiche,,
Van Amburgh,Charles Reiche,,
Van Amburgh,Charles Reiche,,
101 Ranch,California Circus Corporation,,
101 Ranch,California Circus Corporation,,
All's Wild West,Beverly Circus,,
Snelbaker,Benton,,
Bradley,Benson,,
Bradley,Benson,,
Bradley,Benson,,
Bradley,Benson,,
Bradley,Benson,,
Bradley,Benson,,
Ward,Bell Bros.,,
Ward,Bell Bros.,,
Ward,Bell Bros.,,
Ward,Bell Bros.,,
Sells Bros. ,Barrett,,
Sells Bros. ,Barrett,,
Sells Bros. ,Barrett,,
Sells Bros. ,Barrett,,
Sells Bros. ,Barrett,,
Sells Bros. ,Barrett,,
Sells Bros. ,Barrett,,
Sells Bros. ,Barrett,,
Carson,Barnes,,
Carson,Barnes,,
Carson,Barnes,,
Carson,Barnes,,
Carson,Barnes,,
Carson,Barnes,,
Carson,Barnes,,
Carson,Barnes,,
Carson,Barnes,,
Carson,Barnes,,
Carson,Barnes,,
Carson,Barnes,,
Carson,Barnes,,
Carson,Barnes,,
Carson,Barnes,,
Carson,Barnes,,
Carson,Barnes,,
Carson,Barnes,,
Carson,Barnes,,
Carson,Barnes,,
Carson,Barnes,,
Carson,Barnes,,
Carson,Barnes,,
Carson,Barnes,,
Carson,Barnes,,
Carson,Barnes,,
Carson,Barnes,,
Carson,Barnes,,
Carson,Barnes,,
Carson,Barnes,,
Carson,Barnes,,
Carson,Barnes,,
Carson,Barnes,,
Carson,Barnes,,
Carson,Barnes,,
Carson,Barnes,,
Carson,Barnes,,
Carson,Barnes,,
Carson,Barnes,,
Carson,Barnes,,
Carson,Barnes,,
Carson,Barnes,,
Carson,Barnes,,
Carson,Barnes,,
Carson,Barnes,,
Carson,Barnes,,
Carson,Barnes,,
Carson,Barnes,,
Carson,Barnes,,
Carson,Barnes,,
Carson,Barnes,,
Carson,Barnes,,
Carson,Barnes,,
Carson,Barnes,,
Carson,Barnes,,
Carson,Barnes,,
Carson,Barnes,,
Carson,Barnes,,
Carson,Barnes,,
Carson,Barnes,,
Carson,Barnes,,
Carson,Barnes,,
Carson,Barnes,,
Carson,Barnes,,
Carson,Barnes,,
Carson,Barnes,,
Carson,Barnes,,
Carson,Barnes,,
Carson,Barnes,,
Carson,Barnes,,
Carson,Barnes,,
Carson,Barnes,,
Carson,Barnes,,
Carson,Barnes,,
Carson,Barnes,,
Carson,Barnes,,
Carson,Barnes,,
Carson,Barnes,,
Carson,Barnes,,
Carson,Barnes,,
Carson,Barnes,,
Carson,Barnes,,
Carson,Barnes,,
Carson,Barnes,,
Carson,Barnes,,
Carson,Barnes,,
Carson,Barnes,,
Carson,Barnes,,
Carson,Barnes,,
Beers,Barnes,,
Beers,Barnes,,
Beers,Barnes,,
Beers,Barnes,,
Beers,Barnes,,
Beers,Barnes,,
Beers,Barnes,,
Beers,Barnes,,
Beers,Barnes,,
Beers,Barnes,,
Hoxie Bros.,Bardex Bros. ,,
Hoxie Bros.,Bardex Bros. ,,
Hoxie Bros.,Bardex Bros. ,,
Hoxie Bros.,Bardex Bros. ,,
Hoxie Bros.,Bardex Bros. ,,
Hoxie Bros.,Bardex Bros. ,,
Hoxie Bros.,Bardex Bros. ,,
Cooper Bros.,Bailey Bros.,,
Cooper Bros.,Bailey Bros.,,
Cooper Bros.,Bailey Bros.,,
Cooper Bros.,Bailey Bros.,,
Cooper Bros.,Bailey Bros.,,
Cooper Bros.,Bailey Bros.,,
Cooper Bros.,Bailey Bros.,,
Cooper Bros.,Bailey Bros.,,
Cooper Bros.,Bailey Bros.,,
Cooper Bros.,Bailey Bros.,,
Cooper Bros.,Bailey Bros.,,
Cooper Bros.,Bailey Bros.,,
Cooper Bros.,Bailey Bros.,,
Cooper Bros.,Bailey Bros.,,
Cooper Bros.,Bailey Bros.,,
Cooper Bros.,Bailey Bros.,,
Broncho Bill,Bailey Bros.,,
Barton Bros.,Bailey Bros.,,
Barton Bros.,Bailey Bros.,,
Barton Bros.,Bailey Bros.,,
Barton Bros.,Bailey Bros.,,
Barton Bros.,Bailey Bros.,,
Barton Bros.,Bailey Bros.,,
Barton Bros.,Bailey Bros.,,
Barnum,Bailey Bros.,,
Barnum,Bailey Bros.,,
Barnum,Bailey Bros.,,
Barnum,Bailey Bros.,,
Barnum,Bailey Bros.,,
Barnum,Bailey Bros.,,
Barnum,Bailey Bros.,,
Barnum,Bailey Bros.,,
Barnum,Bailey Bros.,,
Barnum,Bailey Bros.,,
Barnum,Bailey Bros.,,
Barnum,Bailey Bros.,,
Barnum,Bailey Bros.,,
Barnum,Bailey Bros.,,
Barnum,Bailey Bros.,,
Barnum,Bailey Bros.,,
Barnum,Bailey Bros.,,
Barnum,Bailey Bros.,,
Barnum,Bailey Bros.,,
Barnum,Bailey Bros.,,
Barnum,Bailey Bros.,,
Barnum,Bailey Bros.,,
Barnum,Bailey Bros.,,
Barnum,Bailey Bros.,,
Barnum,Bailey Bros.,,
Barnum,Bailey Bros.,,
Barnum,Bailey Bros.,,
Barnum,Bailey Bros.,,
Barnum,Bailey Bros.,,
Barnum,Bailey Bros.,,
Barnum,Bailey Bros.,,
Barnum,Bailey Bros.,,
Barnum,Bailey Bros.,,
Barnum,Bailey Bros.,,
Barnum,Bailey Bros.,,
Barnum,Bailey Bros.,,
Barnum,Bailey Bros.,,
Barnum,Bailey Bros.,,
Barnum,Bailey Bros.,,
Barnum,Bailey Bros.,,
Barnum,Bailey Bros.,,
Barnum,Bailey Bros.,,
Barnum,Bailey Bros.,,
Barnum,Bailey Bros.,,
Barnum,Bailey Bros.,,
Barnum,Bailey Bros.,,
Barnum,Bailey Bros.,,
Barnum,Bailey Bros.,,
Barnum,Bailey Bros.,,
Barnum,Bailey Bros.,,
Barnum,Bailey Bros.,,
Barnum,Bailey Bros.,,
Barnum,Bailey Bros.,,
Barnum,Bailey Bros.,,
Barnum,Bailey Bros.,,
Barnum,Bailey Bros.,,
Barnum,Bailey Bros.,,
Barnum,Bailey Bros.,,
Barnum,Bailey Bros.,,
Barnum,Bailey Bros.,,
Barnum,Bailey Bros.,,
Barnum,Bailey Bros.,,
Barnum,Bailey Bros.,,
Barnum,Bailey Bros.,,
Barnum,Bailey Bros.,,
Barnum,Bailey Bros.,,
Barnum,Bailey Bros.,,
Barnum,Bailey Bros.,,
Barnum,Bailey Bros.,,
Barnum,Bailey Bros.,,
Barnum,Bailey Bros.,,
Barnum,Bailey Bros.,,
Barnum,Bailey Bros.,,
Barnum,Bailey Bros.,,
Barnum,Bailey Bros.,,
Barnum,Bailey Bros.,,
Barnum,Bailey Bros.,,
Barnum,Bailey Bros.,,
Barnum,Bailey Bros.,,
Barnum,Bailey Bros.,,
Barnum,Bailey Bros.,,
Barnum,Bailey Bros.,,
Barnum,Bailey Bros.,,
Barnum,Bailey Bros.,,
Barnum,Bailey Bros.,,
Barnum,Bailey Bros.,,
Barnum,Bailey Bros.,,
Barnum,Bailey Bros.,,
Barnum,Bailey Bros.,,
Barnum,Bailey Bros.,,
Barnum,Bailey Bros.,,
Barnum,Bailey Bros.,,
Barnum,Bailey Bros.,,
Barnum,Bailey Bros.,,
Barnum,Bailey Bros.,,
Barnum,Bailey Bros.,,
Barnum,Bailey Bros.,,
Barnum,Bailey Bros.,,
Barnum,Bailey Bros.,,
Barnum,Bailey Bros.,,
Barnum,Bailey Bros.,,
Barnum,Bailey Bros.,,
Barnum,Bailey Bros.,,
Barnum,Bailey Bros.,,
Barnum,Bailey Bros.,,
Barnum,Bailey Bros.,,
Barnum,Bailey Bros.,,
Barnum,Bailey Bros.,,
Barnum,Bailey Bros.,,
Barnum,Bailey Bros.,,
Barnum,Bailey Bros.,,
Barnum,Bailey Bros.,,
Barnum,Bailey Bros.,,
Barnum,Bailey Bros.,,
Barnum,Bailey Bros.,,
Barnum,Bailey Bros.,,
Barnum,Bailey Bros.,,
Barnum,Bailey Bros.,,
Barnum,Bailey Bros.,,
Barnum,Bailey Bros.,,
Barnum,Bailey Bros.,,
Barnum,Bailey Bros.,,
Barnum,Bailey Bros.,,
Barnum,Bailey Bros.,,
Barnum,Bailey Bros.,,
Barnum,Bailey Bros.,,
Barnum,Bailey Bros.,,
Barnum,Bailey Bros.,,
Barnum,Bailey Bros.,,
Barnum,Bailey Bros.,,
Barnum,Bailey Bros.,,
Barnum,Bailey Bros.,,
Barnum,Bailey Bros.,,
Barnum,Bailey Bros.,,
Barnum,Bailey Bros.,,
Barnum,Bailey Bros.,,
Barnum,Bailey Bros.,,
Barnum,Bailey Bros.,,
Barnum,Bailey Bros.,,
Barnum,Bailey Bros.,,
Barnum,Bailey Bros.,,
Barnum,Bailey Bros.,,
Barnum,Bailey Bros.,,
Barnum,Bailey Bros.,,
Barnum,Bailey Bros.,,
Barnum,Bailey Bros.,,
Barnum,Bailey Bros.,,
Barnum,Bailey Bros.,,
Barnum,Bailey Bros.,,
Barnum,Bailey Bros.,,
Barnum,Bailey Bros.,,
Barnum,Bailey Bros.,,
Barnum,Bailey Bros.,,
Barnum,Bailey Bros.,,
Barnum,Bailey Bros.,,
Barnum,Bailey Bros.,,
Barnum,Bailey Bros.,,
Barnum,Bailey Bros.,,
Barnum,Bailey Bros.,,
Barnum,Bailey Bros.,,
Barnum,Bailey Bros.,,
Barnum,Bailey Bros.,,
Barnum,Bailey Bros.,,
Barnum,Bailey Bros.,,
Barnum,Bailey Bros.,,
Barnum,Bailey Bros.,,
Barnum,Bailey Bros.,,
Barnum,Bailey Bros.,,
Barnum,Bailey Bros.,,
Barnum,Bailey Bros.,,
Barnum,Bailey Bros.,,
Barnum,Bailey Bros.,,
Barnum,Bailey Bros.,,
Barnum,Bailey Bros.,,
Barnum,Bailey Bros.,,
Barnum,Bailey Bros.,,
Barnum,Bailey Bros.,,
Barnum,Bailey Bros.,,
Barnum,Bailey Bros.,,
Barnum,Bailey Bros.,,
Barnum,Bailey Bros.,,
Barnum,Bailey Bros.,,
Barnum,Bailey Bros.,,
Barnum,Bailey Bros.,,
Barnum,Bailey Bros.,,
Barnum,Bailey Bros.,,
Barnum,Bailey Bros.,,
Barnum,Bailey Bros.,,
Barnum,Bailey Bros.,,
Barnum,Bailey Bros.,,
Barnum,Bailey Bros.,,
Barnum,Bailey Bros.,,
Barnum,Bailey Bros.,,
Barnum,Bailey Bros.,,
Barnum,Bailey Bros.,,
Barnum,Bailey Bros.,,
Barnum,Bailey Bros.,,
Barnum,Bailey Bros.,,
Barnum,Bailey Bros.,,
Barnum,Bailey Bros.,,
Barnum,Bailey Bros.,,
Barnum,Bailey Bros.,,
Barnum,Bailey Bros.,,
Barnum,Bailey Bros.,,
Barnum,Bailey Bros.,,
Barnum,Bailey Bros.,,
Barnum,Bailey Bros.,,
Barnum,Bailey Bros.,,
Barnum,Bailey Bros.,,
Barnum,Bailey Bros.,,
Barnum,Bailey Bros.,,
Barnum,Bailey Bros.,,
Barnum,Bailey Bros.,,
Barnum,Bailey Bros.,,
Barnum,Bailey Bros.,,
Barnum,Bailey Bros.,,
Barnum,Bailey Bros.,,
Barnum,Bailey Bros.,,
Barnum,Bailey Bros.,,
Barnum,Bailey Bros.,,
Barnum,Bailey Bros.,,
Barnum,Bailey Bros.,,
Barnum,Bailey Bros.,,
Barnum,Bailey Bros.,,
Barnum,Bailey Bros.,,
Barnum,Bailey Bros.,,
Barnum,Bailey Bros.,,
Barnum,Bailey Bros.,,
Barnum,Bailey Bros.,,
Barnum,Bailey Bros.,,
Barnum,Bailey Bros.,,
Barnum,Bailey Bros.,,
Barnum,Bailey Bros.,,
Barnum,Bailey Bros.,,
Barnum,Bailey Bros.,,
Barnum,Bailey Bros.,,
Barnum,Bailey Bros.,,
Barnum,Bailey Bros.,,
Barnum,Bailey Bros.,,
Barnum,Bailey Bros.,,
Barnum,Bailey Bros.,,
Barnum,Bailey Bros.,,
Barnum,Bailey Bros.,,
Barnum,Bailey Bros.,,
Barnum,Bailey Bros.,,
Barnum,Bailey Bros.,,
Barnum,Bailey Bros.,,
Barnum,Bailey Bros.,,
Barnum,Bailey Bros.,,
Barnum,Bailey Bros.,,
Barnum,Bailey Bros.,,
Barnum,Bailey Bros.,,
Barnum,Bailey Bros.,,
Barnum,Bailey Bros.,,
Barnum,Bailey Bros.,,
Barnum,Bailey Bros.,,
Barnum,Bailey Bros.,,
Barnum,Bailey Bros.,,
Barnum,Bailey Bros.,,
Barnum,Bailey Bros.,,
Barnum,Bailey Bros.,,
Barnum,Bailey Bros.,,
Barnum,Bailey Bros.,,
Barnum,Bailey Bros.,,
Barnum,Bailey Bros.,,
Barnum,Bailey Bros.,,
Barnum,Bailey Bros.,,
Barnum,Bailey Bros.,,
Barnum,Bailey Bros.,,
Barnum,Bailey Bros.,,
Barnum,Bailey Bros.,,
Barnum,Bailey Bros.,,
Barnum,Bailey Bros.,,
Barnum,Bailey Bros.,,
Barnum,Bailey Bros.,,
Barnum,Bailey Bros.,,
Barnum,Bailey Bros.,,
Barnum,Bailey Bros.,,
Barnum,Bailey Bros.,,
Barnum,Bailey Bros.,,
Barnum,Bailey Bros.,,
Barnum,Bailey Bros.,,
Barnum,Bailey Bros.,,
Barnum,Bailey Bros.,,
Barnum,Bailey Bros.,,
Barnum,Bailey Bros.,,
Barnum,Bailey Bros.,,
Barnum,Bailey Bros.,,
Barnum,Bailey Bros.,,
Barnum,Bailey Bros.,,
Barnum,Bailey Bros.,,
Barnum,Bailey Bros.,,
Barnum,Bailey Bros.,,
Barnum,Bailey Bros.,,
Barnum,Bailey Bros.,,
Barnum,Bailey Bros.,,
Barnum,Bailey Bros.,,
Barnum,Bailey Bros.,,
Barnum,Bailey Bros.,,
Barnum,Bailey Bros.,,
Barnum,Bailey Bros.,,
Barnum,Bailey Bros.,,
Barnum,Bailey Bros.,,
Barnum,Bailey Bros.,,
Barnum,Bailey Bros.,,
Barnum,Bailey Bros.,,
Barnum,Bailey Bros.,,
Barnum,Bailey Bros.,,
Barnum,Bailey Bros.,,
Barnum,Bailey Bros.,,
Barnum,Bailey Bros.,,
Barnum,Bailey Bros.,,
Barnum,Bailey Bros.,,
Barnum,Bailey Bros.,,
Barnum,Bailey Bros.,,
Barnum,Bailey Bros.,,
Barnum,Bailey Bros.,,
Barnum,Bailey Bros.,,
Barnum,Bailey Bros.,,
Barnum,Bailey Bros.,,
Barnum,Bailey Bros.,,
Barnum,Bailey Bros.,,
Barnum,Bailey Bros.,,
Barnum,Bailey Bros.,,
Barnum,Bailey Bros.,,
Barnum,Bailey Bros.,,
Barnum,Bailey Bros.,,
Barnum,Bailey Bros.,,
Barnum,Bailey Bros.,,
Barnum,Bailey Bros.,,
Barnum,Bailey Bros.,,
Barnum,Bailey Bros.,,
Barnum,Bailey Bros.,,
Barnum,Bailey Bros.,,
Barnum,Bailey Bros.,,
Barnum,Bailey Bros.,,
Barnum,Bailey Bros.,,
Barnum,Bailey Bros.,,
Barnum,Bailey Bros.,,
Barnum,Bailey Bros.,,
Barnum,Bailey Bros.,,
Barnum,Bailey Bros.,,
Barnum,Bailey Bros.,,
Barnum,Bailey Bros.,,
Barnum,Bailey Bros.,,
Barnum,Bailey Bros.,,
Barnum,Bailey Bros.,,
Barnum,Bailey Bros.,,
Barnum,Bailey Bros.,,
Barnum,Bailey Bros.,,
Barnum,Bailey Bros.,,
Barnum,Bailey Bros.,,
Barnum,Bailey Bros.,,
Barnum,Bailey Bros.,,
Barnum,Bailey Bros.,,
Barnum,Bailey Bros.,,
Barnum,Bailey Bros.,,
Barnum,Bailey Bros.,,
Barnum,Bailey Bros.,,
Barnum,Bailey Bros.,,
Barnum,Bailey Bros.,,
Barnum,Bailey Bros.,,
Barnum,Bailey Bros.,,
Barnum,Bailey Bros.,,
Barnum,Bailey Bros.,,
Barnum,Bailey Bros.,,
Barnum,Bailey Bros.,,
Barnum,Bailey Bros.,,
Barnum,Bailey Bros.,,
Barnum,Bailey Bros.,,
Barnum,Bailey Bros.,,
Barnum,Bailey Bros.,,
Barnum,Bailey Bros.,,
Barnum,Bailey Bros.,,
Barnum,Bailey Bros.,,
Barnum,Bailey Bros.,,
Barnum,Bailey Bros.,,
Barnum,Bailey Bros.,,
Barnum,Bailey Bros.,,
Barnum,Bailey Bros.,,
Barnum,Bailey Bros.,,
Barnum,Bailey Bros.,,
Barnum,Bailey Bros.,,
Barnum,Bailey Bros.,,
Barnum,Bailey Bros.,,
Barnum,Bailey Bros.,,
Barnum,Bailey Bros.,,
Barnum,Bailey Bros.,,
Barnum,Bailey Bros.,,
Barnum,Bailey Bros.,,
Barnum,Bailey Bros.,,
Barnum,Bailey Bros.,,
Barnum,Bailey Bros.,,
Barnum,Bailey Bros.,,
Barnum,Bailey Bros.,,
Barnum,Bailey Bros.,,
Barnum,Bailey Bros.,,
Barnum,Bailey Bros.,,
Barnum,Bailey Bros.,,
Barnum,Bailey Bros.,,
Barnum,Bailey Bros.,,
Barnum,Bailey Bros.,,
Barnum,Bailey Bros.,,
Barnum,Bailey Bros.,,
Barnum,Bailey Bros.,,
Barnum,Bailey Bros.,,
Barnum,Bailey Bros.,,
Barnum,Bailey Bros.,,
Barnum,Bailey Bros.,,
Barnum,Bailey Bros.,,
Barnum,Bailey Bros.,,
Barnum,Bailey Bros.,,
Barnum,Bailey Bros.,,
Barnum,Bailey Bros.,,
Barnum,Bailey Bros.,,
Barnum,Bailey Bros.,,
Barnum,Bailey Bros.,,
Barnum,Bailey Bros.,,
Barnum,Bailey Bros.,,
Barnum,Bailey Bros.,,
Barnum,Bailey Bros.,,
Barnum,Bailey Bros.,,
Barnum,Bailey Bros.,,
Barnum,Bailey Bros.,,
Barnum,Bailey Bros.,,
Barnum,Bailey Bros.,,
Barnum,Bailey Bros.,,
Barnum,Bailey Bros.,,
Barnum,Bailey Bros.,,
Barnum,Bailey Bros.,,
Barnum,Bailey Bros.,,
Barnum,Bailey Bros.,,
Barnum,Bailey Bros.,,
Barnum,Bailey Bros.,,
Barnum,Bailey Bros.,,
Barnes,Bailey Bros.,,
Barnes,Bailey Bros.,,
Barnes,Bailey Bros.,,
J.H. Eschman,Arizona Bill,,
J.H. Eschman,Arizona Bill,,
Corty,Althoff,,
Corty,Althoff,,
Corty,Althoff,,
Wheeler,Almond,,
Wheeler,Almond,,
Miller Bros.,101 Ranch,,
Buffalo Bill,101 Ranch,,
Buffalo Bill,101 Ranch,,
Buffalo Bill,101 Ranch,,
Buffalo Bill,101 Ranch,,
Buffalo Bill,101 Ranch,,
Buffalo Bill,101 Ranch,,
Buffalo Bill,101 Ranch,,
Buffalo Bill,101 Ranch,,
